/*
Navicat MySQL Data Transfer

Source Server         : lin
Source Server Version : 50711
Source Host           : localhost:3306
Source Database       : refuse_classification

Target Server Type    : MYSQL
Target Server Version : 50711
File Encoding         : 65001

Date: 2022-08-04 20:18:08
*/

SET FOREIGN_KEY_CHECKS=0;

-- ----------------------------
-- Table structure for `admin`
-- ----------------------------
DROP TABLE IF EXISTS `admin`;
CREATE TABLE `admin` (
  `id` char(19) NOT NULL,
  `phone` char(11) NOT NULL,
  `password` varchar(255) NOT NULL,
  `nickname` varchar(50) DEFAULT NULL,
  `avatar` varchar(255) DEFAULT NULL,
  `company_id` char(19) DEFAULT NULL,
  `is_disabled` tinyint(1) NOT NULL DEFAULT '0' COMMENT '是否禁用 1（true）已禁用，  0（false）未禁用',
  `is_deleted` tinyint(1) NOT NULL DEFAULT '0' COMMENT '逻辑删除 1（true）已删除， 0（false）未删除',
  `gmt_create` timestamp NOT NULL DEFAULT CURRENT_TIMESTAMP,
  `gmt_modified` timestamp NOT NULL DEFAULT CURRENT_TIMESTAMP ON UPDATE CURRENT_TIMESTAMP,
  PRIMARY KEY (`id`)
) ENGINE=MyISAM DEFAULT CHARSET=utf8mb4;

-- ----------------------------
-- Records of admin
-- ----------------------------
INSERT INTO `admin` VALUES ('1381076983393587201', '13612345678', '2fcbbdf337364ddb67d27c604ddd74dd', '小林管理', 'http://thirdwx.qlogo.cn/mmopen/vi_32/DYAIOgq83eoj0hHXhgJNOTSOFsS4uZs8x1ConecaVOB8eIl115xmJZcT4oCicvia7wMEufibKtTLqiaJeanU2Lpg3w/132', '1', '0', '0', '2021-04-11 10:49:46', '2022-08-04 20:16:58');

-- ----------------------------
-- Table structure for `article_comment`
-- ----------------------------
DROP TABLE IF EXISTS `article_comment`;
CREATE TABLE `article_comment` (
  `id` char(19) NOT NULL,
  `article_id` char(19) NOT NULL COMMENT '文章ID',
  `user_id` char(19) NOT NULL COMMENT '用户ID',
  `content` varchar(255) NOT NULL COMMENT '评论内容',
  `parent_id` char(19) NOT NULL DEFAULT '0' COMMENT '父ID',
  `gmt_create` timestamp NOT NULL DEFAULT CURRENT_TIMESTAMP,
  `gmt_modified` timestamp NOT NULL DEFAULT CURRENT_TIMESTAMP ON UPDATE CURRENT_TIMESTAMP,
  PRIMARY KEY (`id`)
) ENGINE=MyISAM DEFAULT CHARSET=utf8mb4;

-- ----------------------------
-- Records of article_comment
-- ----------------------------
INSERT INTO `article_comment` VALUES ('1361605912524924523', '1361605903624993529', '1365683310172196865', '垃圾分类，从我做起', '0', '2021-03-09 19:27:06', '2021-03-09 19:27:06');
INSERT INTO `article_comment` VALUES ('1323615912524924524', '1361605903624993529', '1365683310172196865', '赞成！', '1361605912524924523', '2021-03-09 19:28:00', '2021-03-09 19:28:06');
INSERT INTO `article_comment` VALUES ('1372825881774698497', '1361605903624993529', '1365683310172196865', '不错', '0', '2021-03-19 16:22:50', '2021-03-19 16:22:50');
INSERT INTO `article_comment` VALUES ('1372836093072003074', '1361605903224994531', '1365683310172196865', '爱护环境，人人有责！', '0', '2021-03-19 17:03:25', '2021-03-19 17:04:04');
INSERT INTO `article_comment` VALUES ('1379352383890694145', '1361605903224994531', '1365683310172196865', '绿色生活', '0', '2021-04-06 16:36:50', '2021-04-06 16:36:50');
INSERT INTO `article_comment` VALUES ('1379704496323833858', '1361605903224994531', '1365683310172196865', '11', '1379352383890694145', '2021-04-07 15:56:00', '2021-04-07 15:56:00');
INSERT INTO `article_comment` VALUES ('1392040326149214209', '1361605903624993529', '1365683310172196865', '加油', '0', '2021-05-11 16:54:11', '2021-05-11 16:54:11');
INSERT INTO `article_comment` VALUES ('1392040335699644417', '1361605903624993529', '1365683310172196865', '加油', '0', '2021-05-11 16:54:13', '2021-05-11 16:54:13');

-- ----------------------------
-- Table structure for `search_record`
-- ----------------------------
DROP TABLE IF EXISTS `search_record`;
CREATE TABLE `search_record` (
  `id` char(19) NOT NULL,
  `user_id` char(19) NOT NULL,
  `item_id` char(19) NOT NULL,
  `gmt_create` timestamp NOT NULL DEFAULT CURRENT_TIMESTAMP,
  `gmt_modified` timestamp NOT NULL DEFAULT CURRENT_TIMESTAMP ON UPDATE CURRENT_TIMESTAMP,
  PRIMARY KEY (`id`)
) ENGINE=MyISAM DEFAULT CHARSET=utf8mb4;

-- ----------------------------
-- Records of search_record
-- ----------------------------
INSERT INTO `search_record` VALUES ('1379430438294274050', '1365683310172196865', '1361608147443425282', '2021-04-06 21:46:59', '2021-04-06 21:46:59');
INSERT INTO `search_record` VALUES ('1379431760821260289', '1365683310172196865', '1361608147414065153', '2021-04-06 21:52:15', '2021-04-06 21:52:15');
INSERT INTO `search_record` VALUES ('1379620142394425346', '1365683310172196865', '1361608147309207555', '2021-04-07 10:20:48', '2021-04-07 10:20:48');
INSERT INTO `search_record` VALUES ('1379633621700493314', '1365683310172196865', '1361608147309207555', '2021-04-07 11:14:22', '2021-04-07 11:14:22');
INSERT INTO `search_record` VALUES ('1379633641128509442', '1365683310172196865', '1361608147443425282', '2021-04-07 11:14:27', '2021-04-07 11:14:27');
INSERT INTO `search_record` VALUES ('1379638165771698178', '1365683310172196865', '1361608147443425282', '2021-04-07 11:32:25', '2021-04-07 11:32:25');
INSERT INTO `search_record` VALUES ('1379704213535469570', '1365683310172196865', '1361608147309207555', '2021-04-07 15:54:52', '2021-04-07 15:54:52');
INSERT INTO `search_record` VALUES ('1379704259714756609', '1365683310172196865', '1361608147443425282', '2021-04-07 15:55:03', '2021-04-07 15:55:03');
INSERT INTO `search_record` VALUES ('1386653402349727745', '1365683310172196865', '1361608147443425282', '2021-04-26 20:08:28', '2021-04-26 20:08:28');
INSERT INTO `search_record` VALUES ('1392018629643784193', '1365683310172196865', '1361605903645954049', '2021-05-11 15:27:58', '2021-05-11 15:27:58');
INSERT INTO `search_record` VALUES ('1392018654834774017', '1365683310172196865', '1361608147309207555', '2021-05-11 15:28:04', '2021-05-11 15:28:04');
INSERT INTO `search_record` VALUES ('1392018671582629890', '1365683310172196865', '1361608147279847427', '2021-05-11 15:28:08', '2021-05-11 15:28:08');
INSERT INTO `search_record` VALUES ('1392018711478849537', '1365683310172196865', '1361608147443425282', '2021-05-11 15:28:17', '2021-05-11 15:28:17');
INSERT INTO `search_record` VALUES ('1392018725051617282', '1365683310172196865', '1361605903645954049', '2021-05-11 15:28:21', '2021-05-11 15:28:21');
INSERT INTO `search_record` VALUES ('1392018780588396545', '1365683310172196865', '1361608147443425282', '2021-05-11 15:28:34', '2021-05-11 15:28:34');
INSERT INTO `search_record` VALUES ('1392023966065123330', '1365683310172196865', '1361608147309207555', '2021-05-11 15:49:10', '2021-05-11 15:49:10');
INSERT INTO `search_record` VALUES ('1392024064220225537', '1365683310172196865', '1361608147841884163', '2021-05-11 15:49:34', '2021-05-11 15:49:34');
INSERT INTO `search_record` VALUES ('1392029638370562050', '1365683310172196865', '1361608147309207555', '2021-05-11 16:11:43', '2021-05-11 16:11:43');
INSERT INTO `search_record` VALUES ('1392029659639877634', '1365683310172196865', '1361608147908993028', '2021-05-11 16:11:48', '2021-05-11 16:11:48');
INSERT INTO `search_record` VALUES ('1392029682125541377', '1365683310172196865', '1361608147414065153', '2021-05-11 16:11:53', '2021-05-11 16:11:53');
INSERT INTO `search_record` VALUES ('1392030017288179713', '1365683310172196865', '1361608147309207555', '2021-05-11 16:13:13', '2021-05-11 16:13:13');
INSERT INTO `search_record` VALUES ('1392030943226925058', '1365683310172196865', '1361608147279847427', '2021-05-11 16:16:54', '2021-05-11 16:16:54');
INSERT INTO `search_record` VALUES ('1392031135460265985', '1365683310172196865', '1361608147279847427', '2021-05-11 16:17:40', '2021-05-11 16:17:40');
INSERT INTO `search_record` VALUES ('1392031154460463105', '1365683310172196865', '1372861254982705153', '2021-05-11 16:17:44', '2021-05-11 16:17:44');
INSERT INTO `search_record` VALUES ('1392031169417351169', '1365683310172196865', '1361608147908993028', '2021-05-11 16:17:48', '2021-05-11 16:17:48');
INSERT INTO `search_record` VALUES ('1392035164806483970', '1365683310172196865', '1392020592083128322', '2021-05-11 16:33:40', '2021-05-11 16:33:40');
INSERT INTO `search_record` VALUES ('1392035450207899649', '1365683310172196865', '1392020592083128322', '2021-05-11 16:34:48', '2021-05-11 16:34:48');
INSERT INTO `search_record` VALUES ('1392035993932304386', '1365683310172196865', '1392020592083128322', '2021-05-11 16:36:58', '2021-05-11 16:36:58');
INSERT INTO `search_record` VALUES ('1392036817844604929', '1365683310172196865', '1392020592083128322', '2021-05-11 16:40:14', '2021-05-11 16:40:14');
INSERT INTO `search_record` VALUES ('1392037136808841218', '1365683310172196865', '1392020592083128322', '2021-05-11 16:41:30', '2021-05-11 16:41:30');
INSERT INTO `search_record` VALUES ('1392037224218136578', '1365683310172196865', '1392020592083128322', '2021-05-11 16:41:51', '2021-05-11 16:41:51');
INSERT INTO `search_record` VALUES ('1392037416250150913', '1365683310172196865', '1392020592083128322', '2021-05-11 16:42:37', '2021-05-11 16:42:37');
INSERT INTO `search_record` VALUES ('1392040074985902082', '1365683310172196865', '1392020592083128322', '2021-05-11 16:53:11', '2021-05-11 16:53:11');
INSERT INTO `search_record` VALUES ('1398875255248011266', '1365683310172196865', '1361608147443425282', '2021-05-30 13:33:45', '2021-05-30 13:33:45');
INSERT INTO `search_record` VALUES ('1398875316258357250', '1365683310172196865', '1361608147443425282', '2021-05-30 13:33:59', '2021-05-30 13:33:59');
INSERT INTO `search_record` VALUES ('1398876598473867265', '1365683310172196865', '1361608147443425282', '2021-05-30 13:39:05', '2021-05-30 13:39:05');

-- ----------------------------
-- Table structure for `sorting_article`
-- ----------------------------
DROP TABLE IF EXISTS `sorting_article`;
CREATE TABLE `sorting_article` (
  `id` char(19) NOT NULL COMMENT '文章编号',
  `title` varchar(100) NOT NULL COMMENT '标题',
  `pageviews` int(11) NOT NULL DEFAULT '0' COMMENT '点击量',
  `detail` text COMMENT '详细内容',
  `pic` varchar(255) DEFAULT NULL COMMENT '图片',
  `audio` varchar(255) DEFAULT NULL COMMENT '视频',
  `type` int(1) DEFAULT NULL COMMENT '文章类型',
  `show_index` int(1) NOT NULL DEFAULT '0' COMMENT '主页面展示',
  `gmt_create` timestamp NOT NULL DEFAULT CURRENT_TIMESTAMP,
  `gmt_modified` timestamp NOT NULL DEFAULT CURRENT_TIMESTAMP ON UPDATE CURRENT_TIMESTAMP,
  PRIMARY KEY (`id`)
) ENGINE=MyISAM DEFAULT CHARSET=utf8mb4;

-- ----------------------------
-- Records of sorting_article
-- ----------------------------
INSERT INTO `sorting_article` VALUES ('1361605903624993529', '垃圾分类从我做起', '150', '垃圾分类（英文名为：Garbage classification），一般是指按一定规定或标准将垃圾分类储存、投放和搬运，从而转变成公共资源的一系列活动的总称。分类的目的是提高垃圾的资源价值和经济价值，力争物尽其用，减少垃圾处理量和处理设备的使用，降低处理成本，减少土地资源的消耗，具有社会、经济、生态等几方面的效益。\r\n垃圾在分类储存阶段属于公众的私有品，垃圾经公众分类投放后成为公众所在小区或社区的区域性公共资源，垃圾分类搬运到垃圾集中点或转运站后成为没有排除性的公共资源。从国内外各城市对生活垃圾分类的方法来看，大多都是根据垃圾的成分、产生量，结合本地垃圾的资源利用和处理方式等来进行分类的。\r\n2020年5月1日起，《北京市生活垃圾管理条例》实施 [1]  。', 'https://online-education-lin.oss-cn-hangzhou.aliyuncs.com/article1.jpg', null, null, '2', '2021-03-09 19:26:17', '2021-04-06 16:58:14');
INSERT INTO `sorting_article` VALUES ('1361605903224994531', '杭州市垃圾政策信息', '36', '昨天（8月1日）下午，浙江省十三届人大常委会第十三次会议审批通过《杭州市人民代表大会常务委员会关于修改〈杭州市生活垃圾管理条例〉的决定》。今天上午，记者从杭州市城管局召开的媒体说明会上获悉，新版《条例》实施在即，接下来杭州将做好前期准备工作，做好相关人员培训，加大执法力度，开展社会动员等。\r\n　　根据相关部门初步调查结果显示，杭州市民对于垃圾分类的知晓率达到90%，但是真正执行率却只有30%。那么，生活在杭州，我们应该如何准确进行垃圾分类呢？\r\n　　杭州生活垃圾分为四类\r\n　　相比于2015 年颁布的旧版《杭州市生活垃圾管理条例》，此次审批通过的《新条例》对杭州垃圾分类类别更明确，分为易腐垃圾、可回收垃圾、其他垃圾、有害垃圾四类。其中，原“餐厨垃圾”改名为“易腐垃圾”。“易腐垃圾这个词真的相当形象了，是目前看来最不易引起误解的叫法了。”网友纷纷点赞。\r\n　　按照要求，市民需分别对应绿色、蓝色、黄色、红色这四色垃圾桶进行投放。\r\n\r\n　　具体分类标准如下：\r\n　　可回收物，指未污染的适宜回收和资源利用的生活垃圾，如纸类、塑料、玻璃和金属等；\r\n　　有害垃圾，指对人体健康或者自然环境造成直接或者潜在危害的生活垃圾，包括废充电电池、废扣式电池、废灯管、弃置药品、废杀虫剂（容器）、废油漆（容器）、废日用化学品、废水银产品等；\r\n　　餐厨垃圾，指餐饮经营者、单位食堂等生产过程中产生的餐厨废弃物，居民家庭生活中产生的厨余垃圾和集贸市场产生的易腐性垃圾等有机垃圾；\r\n　　其他垃圾，指除可回收物、有害垃圾和餐厨垃圾之外的其他生活垃圾，如混杂、污染、难分类的纸类、塑料、玻璃、金属、织物、木料等。\r\n　　一张图教你如何准确投放\r\n　　垃圾分类，正确投放是第一步。面对生活垃圾种类多、数量大，具体到日常生活的某一种垃圾，究竟该如何分类投放呢？为了便于操作，我们制作了一张生活垃圾投放指南，让你一目了然进行垃圾分类。\r\n\r\n　　乱扔垃圾将纳入个人诚信档案\r\n　　这次新修订的条例加大了对违法行为的处罚力度，其中“信用惩戒”是此次修改的另一大亮点。\r\n　　条例指出，杭州市会逐步推行生活垃圾分类投放信息纳入个人信用信息系统的制度。此外，违反该条例规定受到的行政处罚，依照《浙江省公共信用信息管理条例》等有关规定应当作为不良信息的，依法记入有关个人、单位的信用档案。\r\n　　对乱丢垃圾、丢错垃圾的处罚，新条例规定，个人处以“二百元以下罚款”，单位处以“五百元以上五千元以下罚款”。\r\n　　行政处罚还覆盖了垃圾分类投放管理责任人、生活垃圾收集运输单位、生活垃圾处置单位等一系列环节。譬如，针对垃圾分类投放管理责任人的处罚，提高到了五百元以上五千元以下；情节严重的，处五千元以上三万元以下罚款。\r\n　　针对生活垃圾收集、运输，违反单位将被处以“五千元以上三万元以下罚款”；情节严重的，处三万元以上十万元以下罚款。（记者 黄玉环）', 'https://online-education-lin.oss-cn-hangzhou.aliyuncs.com/article2.jpg', null, null, '2', '2021-03-19 16:43:04', '2021-04-06 16:58:18');
INSERT INTO `sorting_article` VALUES ('1381206573055246338', '环保“愚公”巡沙记', '0', '共和县林草局局长王东飚接受记者采访时表示，湖东种羊场是省属企业，不受县里管辖。不过去年年底，湖东种羊场2021年沙漠治理资金下拨到了共和县。王东飚表示，共和县是全国的防沙治沙重点县，这些年环湖沙漠治理成效卓著，目前是全省防沙治沙的样板县，在治沙方面积累了丰富的经验，他们将结合南加的治沙经验，指导企业采取更科学的方式治理好沙漠。青海省林业和草原局书记、局长李晓南说，南加对于青海湖生态的保护，起到了非常好的示范作用。青海湖的保护是一项长期的工程，仍需数代人的共同努力。', 'https://online-education-lin.oss-cn-hangzhou.aliyuncs.com/article2.jpg', null, null, '0', '2021-04-11 19:24:43', '2021-04-15 16:30:28');
INSERT INTO `sorting_article` VALUES ('1381206973682581506', '金融赋能清洁能源企业 助力国家绿色低碳高质量发展', '0', '为贯彻国家“碳达峰、碳中和”战略部署，抢抓业务发展机遇，近日，农业银行与新疆金风科技股份有限公司(以下简称“金风科技”)签订战略合作协议，成为在国家“碳达峰、碳中和”战略目标提出后首家与其签约的银行业金融机构。<br/>近年来，农业银行不断创新金融产品，为金风科技提供了清洁能源领域、供应链金融以及投行等综合化金融服务，为金风科技承销国内首单绿色资产支持证券，办理全国金融市场首单“股息型股权投资”债转股业务、金风环保首笔并购贷款、金风科技首笔跨国集团跨境资金集中账户项下境外放款业务、农行首单股权收益权理财融资业务和国有商业银行中首家实现的“金风云信”供应商融资业务等，持续增强银企合作深度和广度。<br/>一直以来，农业银行高度重视对清洁能源领域企业的金融服务，致力于服务金风科技等一大批清洁能源龙头企业高质量发展，积极助力国家绿色低碳发展。目前，农业银行绿色信贷余额总量位于同业前列；绿色贷款占全行贷款的比重高于银行业平均水平；绿色贷款增速连续多年高于全行各项贷款平均增速水平。作为国内最早践行绿色金融的国有商业银行之一，农业银行充分发挥集团综合经营优势，建立起涵盖绿色信贷、绿色投行、绿色三农、绿色租赁、绿色投资、绿色基金等多元化产品和全市场服务体系。通过加大信贷政策倾斜和资源保障力度，引导资金向绿色产业倾斜，鼓励分支机构加大绿色信贷投放。目前，该行绿色信贷指标已覆盖钢铁、汽车、火电、风电、医药等55个行业信贷政策，有效发挥了其在支持产业绿色升级、防控环境与社会风险方面的积极作用。<br/>未来，农业银行将继续把绿色、低碳作为全行业务发展的重要方向，着力加强绿色能源、绿色交通、绿色建筑和节能环保等重点领域的支持力度，全力打造绿色金融领军银行。', 'https://online-education-lin.oss-cn-hangzhou.aliyuncs.com/article2.jpg', null, null, '0', '2021-04-11 19:26:18', '2021-04-15 16:30:29');
INSERT INTO `sorting_article` VALUES ('1381207205581455361', '中央生态环保督察组将进驻八省区', '0', '文件要求，有关省（区）在督察进驻期间，应把握工作节奏，突出工作重点，服务“六稳”“六保”，有力有序推进边督边改。对于督察组受理转办的群众信访举报问题，既要认真核实、坚决整改，切实解决群众反映突出的生态环境问题；也要依法依规、实事求是，做到一事一办、一厂一策，不搞“运动式”整改。对于督察中发现的企业生态环境问题，既要督促有关企业切实履行生态环境保护责任，严格整改要求，确保整改到位；也要注重精细化管理，分类施策，加强指导帮扶。对于历史遗留生态环境问题，既要坚持底线思维，严控环境风险，保障群众利益；也要统筹兼顾，合理安排，因地制宜采取措施，努力做到经济社会与生态环境共赢。<br/>文件强调，有关省（区）严禁为应付督察采取紧急停工停业停产等简单粗暴行为，以及“一律关停”“先停再说”等敷衍应对做法。对生态环境问题的整改，要做到依法依规，统筹推进。要给直接负责整改工作的单位和人员留足时间，禁止层层加码、级级提速。特别是对涉及民生的产业或领域，更要妥善处理、有序推进，坚决杜绝“一刀切”行为。对于采取“一刀切”方式消极应对督察的，督察组将严肃处理，发现一起、查处一起。<br/>文件要求，有关省（区）在督察进驻过程中，既要通过必要的问责切实传导压力、落实责任，建立长效机制。同时，要严格贯彻落实中央有关文件精神，避免以问责代替整改以及乱问责、滥问责、简单化问责等行为。对发现涉嫌以问责代替整改，或问责走过场，以及问责泛化、简单化的，督察组将会及时予以提醒，情节比较严重的，还将按有关程序报告中央纪委国家监委机关。（记者孙秀艳、寇江泽）', 'https://online-education-lin.oss-cn-hangzhou.aliyuncs.com/article2.jpg', null, null, '0', '2021-04-11 19:27:14', '2021-04-15 16:30:30');
INSERT INTO `sorting_article` VALUES ('1381207384216862722', '西藏努力打造国家生态文明高地', '0', '三月，位于西藏山南段的雅鲁藏布江两岸，茂密的杨柳吐翠。\r\n　　然而，在40年前，这里受地势、气候等影响，曾是西藏有名的沙丘地，常常出现“举目远望一片沙，大风一起不见家”的情景。\r\n　　自20世纪80年代起，西藏在雅鲁藏布江山南段开始建设防护林，打造了贡嘎县至桑日县长160公里、宽1.8公里的雅鲁藏布江绿色生态走廊。\r\n　　为进一步提升生态建设效果，近年来西藏累计投资近18亿元，大力发展生态产业，建设万亩苗圃基地、千亩矮化苹果基地、千亩葡萄种植基地等一批生态产业项目，形成了万亩林果经济带。如今，雅鲁藏布江中游的风沙灾害得到初步遏制。\r\n　　“保护好西藏生态环境，对于保障全球生态平衡有着重要的战略意义。当前，西藏禁止和限制开发区域面积占全区国土面积的80%。”西藏自治区生态环境厅厅长罗杰说，西藏把生态文明建设主动融入全局工作进行部署考量，已累计投入121亿余元用于西藏生态安全屏障保护与建设。\r\n　　据介绍，近年来，西藏全面划定生态保护红线、环境质量底线、资源利用上线，生态红线面积53.9万平方公里，占全区国土面积的45%；持续开展国土绿化行动，完成“无树村”“无树户”消除任务，森林覆盖率提高至12.31%；建设各类生态功能保护区22个，生态优先、绿色发展的格局全面形成。\r\n　　今年1月24日，在西藏自治区第十一届人民代表大会第四次会议上，首部关于西藏生态文明建设的法规《西藏自治区国家生态文明高地建设条例》诞生。\r\n　　罗杰表示，该条例结合西藏实际，对西藏极高海拔生态搬迁、青藏高原特有珍稀动物保护、“两江四河”造林绿化与综合治理等方面作出新的规定，对进一步筑牢国家生态安全屏障具有重要意义。\r\n　　良好的生态环境提升了西藏旅游的品质，人与自然和谐共生成为社会自觉。“十三五”期间，西藏创新推出“冬游西藏”活动，旅游人次和收入分别是“十二五”时期的2.3倍、2.4倍。农牧民参与乡村旅游就业8.6万人，年人均增收4300元。\r\n　　西藏那曲市尼玛县文部乡南村，是藏北的一个原生态村落，坐落在美丽的当惹雍错湖畔，湖对面是连绵的达果雪山，宛若世外桃源。每到旅游旺季，这里都会迎来大批游客。\r\n“家园干净了，不但自己看着舒服，游客来了也会夸赞。”南村村民索朗查加说，他们村每周都会在当惹雍错湖畔进行小扫除，每半个月全村会集体进行一次大扫除，村里不少牧民都会自发参与。如今，“像爱护眼睛一样爱护环境”已经成为西藏老百姓的共识。“西藏持续出台政策保护高原的生灵草木和万水千山，不但让人们吃到了‘生态红利’，还真正践行了绿水青山就是金山银山的绿色发展理念。”西藏农牧学院副教授孙凤环说。', 'https://online-education-lin.oss-cn-hangzhou.aliyuncs.com/article2.jpg', null, null, '0', '2021-04-11 19:27:56', '2021-04-15 16:30:31');
INSERT INTO `sorting_article` VALUES ('1381207629747224577', '推动“碳市场”建设 上海能源“智慧”转型', '0', '上海是全国最早建立碳排放权交易机构和体系的地区，2008年设立全国首家环境权益类交易机构，2011年率先启动试点交易体系建设，并于2013年11月正式启动交易市场运行。目前，上海碳市场已纳入钢铁、电力、化工、航空、水运、建筑等27个行业约300家企业和约400家投资机构，是全国唯一连续7年实现企业履约清缴率100%的试点地区。', 'https://online-education-lin.oss-cn-hangzhou.aliyuncs.com/article2.jpg', null, null, '0', '2021-04-11 19:28:55', '2021-04-15 16:30:32');
INSERT INTO `sorting_article` VALUES ('1381207784588345345', '因大气治理不力 河南13县（市、区）被公开约谈', '0', '当天，约谈的环境空气质量排名靠后的县（市、区）有平顶山市石龙区、南阳市高新区、南阳市内乡县、南阳市西峡县、南阳市淅川县、南阳市方城县、开封市兰考县、洛阳市偃师区（原偃师市）、信阳市罗山县。烟花爆竹禁燃禁放管控不力县（市）有周口市太康县、周口市项城市、平顶山市宝丰县、安阳市安阳县。会上，河南省污染防治攻坚办通报了被约谈县（市、区）存在的问题，主要集中在重点行业管控不严格、扬尘污染突出、柴油货车污染过重、错峰生产落实不实等方面，淅川、方城多家企业未按预警要求实施停产；偃师移动源污染较为突出，二氧化氮浓度急剧攀升，导致环境空气质量恶化；罗山县重型柴油货车管控不力，管控期间通行频繁；特别是太康、项城、宝丰、安阳4县（市），在春节期间全省烟花爆竹严格管控的高压态势下，禁售禁放工作不扎实，管控成效不明显，除夕、初一燃放高峰期，发现多起燃放行为，导致空气质量急剧恶化，有的PM2.5浓度上升近40%。', 'https://online-education-lin.oss-cn-hangzhou.aliyuncs.com/article2.jpg', null, null, '0', '2021-04-11 19:29:32', '2021-04-15 16:30:33');
INSERT INTO `sorting_article` VALUES ('1381207951328706562', '最严“禁塑令”实施4个月 这些难题应该怎么破？', '0', '科技创新也将推动可降解塑料质量的提高，加快替代步伐。全国人大代表、新乡白鹭投资集团有限公司董事长邵长金在今年全国两会上建议，将聚对苯二甲酸-己二酸丁二醇酯(PBAT)和聚乳酸(PLA)等可降解材料列入核心攻关技术。设立国家专项资金，采用揭榜挂帅制，加快生物可降解材料技术装备攻关，不仅可以降低成本，同时还可以加快壮大新产业，发展新经济，培育新动能。', 'https://online-education-lin.oss-cn-hangzhou.aliyuncs.com/article2.jpg', null, null, '0', '2021-04-11 19:30:11', '2021-04-15 16:30:33');
INSERT INTO `sorting_article` VALUES ('1381208058665140226', '北方多地日前出现沙尘暴 三北防护林功效几何？', '0', '“多年来没有发生严重的沙尘暴，这些林业生态重点工程建设功不可没。”贾黎明也同时指出，我国生态脆弱问题仍不可忽视，应进一步推进国土绿化，加强重点林业生态工程建设，开展城市和乡村森林建设，并精准提高森林质量，“生态治理须久久为功”。', 'https://online-education-lin.oss-cn-hangzhou.aliyuncs.com/article2.jpg', null, null, '0', '2021-04-11 19:30:37', '2021-04-15 16:30:34');
INSERT INTO `sorting_article` VALUES ('1381208322650439681', '垃圾堆里“淘金”：厨余垃圾短时间内成了有机肥', '0', '把剩菜、剩饭倒进去，经过分解处理，就成了有机“土壤”。近日，一项利用生物工艺处理垃圾的新技术设备在新疆吉木萨尔县环卫中心厨余垃圾处理点落地。据了解，该厨余垃圾处理设备，能让厨余垃圾在短时间内通过生物菌群分解并发酵成有机肥，实现厨余垃圾就地化、无害化和资源化处理，达到无废气、废水、废物的三无排放，将餐厨垃圾变废为宝。', 'https://online-education-lin.oss-cn-hangzhou.aliyuncs.com/article2.jpg', null, null, '0', '2021-04-11 19:31:40', '2021-04-15 16:30:36');

-- ----------------------------
-- Table structure for `sorting_item`
-- ----------------------------
DROP TABLE IF EXISTS `sorting_item`;
CREATE TABLE `sorting_item` (
  `id` char(19) NOT NULL COMMENT '编号',
  `name` varchar(30) NOT NULL COMMENT '物品名',
  `count` int(10) NOT NULL DEFAULT '0' COMMENT '点击数',
  `parent_id` char(19) NOT NULL DEFAULT '0' COMMENT '父ID',
  `node` varchar(100) DEFAULT NULL COMMENT '描述',
  `gmt_create` timestamp NOT NULL DEFAULT CURRENT_TIMESTAMP,
  `gmt_modified` timestamp NOT NULL DEFAULT CURRENT_TIMESTAMP ON UPDATE CURRENT_TIMESTAMP,
  PRIMARY KEY (`id`)
) ENGINE=MyISAM DEFAULT CHARSET=utf8mb4;

-- ----------------------------
-- Records of sorting_item
-- ----------------------------
INSERT INTO `sorting_item` VALUES ('1361605903624982529', '湿垃圾', '0', '0', null, '2021-02-16 17:18:39', '2021-02-16 17:18:39');
INSERT INTO `sorting_item` VALUES ('1361605903645954049', '大米', '4', '1361605903624982529', null, '2021-02-16 17:18:39', '2021-02-16 17:18:39');
INSERT INTO `sorting_item` VALUES ('1361605903645954050', '可回收物', '0', '0', null, '2021-02-16 17:18:39', '2021-02-16 17:18:39');
INSERT INTO `sorting_item` VALUES ('1361605903645954051', '铁丝', '2', '1361605903645954050', null, '2021-02-16 17:18:39', '2021-02-16 17:18:39');
INSERT INTO `sorting_item` VALUES ('1361608147279847426', '干垃圾', '0', '0', null, '2021-02-16 17:27:34', '2021-02-16 17:27:34');
INSERT INTO `sorting_item` VALUES ('1361608147279847427', '暖宝宝贴', '7', '1361608147279847426', null, '2021-02-16 17:27:34', '2021-02-16 17:27:34');
INSERT INTO `sorting_item` VALUES ('1361608147309207554', '酒精棉片', '3', '1361608147279847426', null, '2021-02-16 17:27:34', '2021-02-16 17:27:34');
INSERT INTO `sorting_item` VALUES ('1361608147309207555', '衣服包装袋', '44', '1361605903645954050', null, '2021-02-16 17:27:34', '2021-03-02 20:22:35');
INSERT INTO `sorting_item` VALUES ('1361608147376316418', '有害垃圾', '0', '0', null, '2021-02-16 17:27:34', '2021-02-16 17:27:34');
INSERT INTO `sorting_item` VALUES ('1361608147405676545', '旧照片', '2', '1361608147376316418', null, '2021-02-16 17:27:34', '2021-02-16 17:27:34');
INSERT INTO `sorting_item` VALUES ('1361608147414065153', '桂圆', '7', '1361605903624982529', null, '2021-02-16 17:27:34', '2021-02-16 17:27:34');
INSERT INTO `sorting_item` VALUES ('1361608147443425282', '积木', '35', '1361605903645954050', null, '2021-02-16 17:27:34', '2021-03-02 20:22:31');
INSERT INTO `sorting_item` VALUES ('1361608147443425283', '水银温度计', '2', '1361608147376316418', null, '2021-02-16 17:27:34', '2021-02-16 17:27:34');
INSERT INTO `sorting_item` VALUES ('1361608147510534146', '巧克力包装袋', '2', '1361608147279847426', null, '2021-02-16 17:27:34', '2021-02-16 17:27:34');
INSERT INTO `sorting_item` VALUES ('1361608147510534147', '咸蛋壳', '2', '1361605903624982529', null, '2021-02-16 17:27:34', '2021-02-16 17:27:34');
INSERT INTO `sorting_item` VALUES ('1361608147510534148', '金针菇', '2', '1361605903624982529', null, '2021-02-16 17:27:34', '2021-02-16 17:27:34');
INSERT INTO `sorting_item` VALUES ('1361608147577643010', '衬衣', '2', '1361605903645954050', null, '2021-02-16 17:27:34', '2021-02-16 17:27:34');
INSERT INTO `sorting_item` VALUES ('1361608147577643011', '数字音乐播放器', '2', '1361605903645954050', null, '2021-02-16 17:27:34', '2021-02-16 17:27:34');
INSERT INTO `sorting_item` VALUES ('1361608147644751874', '液晶电视', '2', '1361605903645954050', null, '2021-02-16 17:27:34', '2021-02-16 17:27:34');
INSERT INTO `sorting_item` VALUES ('1361608147711860737', '剃须刀', '2', '1361605903645954050', null, '2021-02-16 17:27:34', '2021-02-16 17:27:34');
INSERT INTO `sorting_item` VALUES ('1361608147711860738', '平板玻璃', '2', '1361605903645954050', null, '2021-02-16 17:27:34', '2021-02-16 17:27:34');
INSERT INTO `sorting_item` VALUES ('1361608147711860739', '铝制品', '2', '1361605903645954050', null, '2021-02-16 17:27:34', '2021-02-16 17:27:34');
INSERT INTO `sorting_item` VALUES ('1361608147778969601', '工资卡', '2', '1361605903645954050', null, '2021-02-16 17:27:34', '2021-02-16 17:27:34');
INSERT INTO `sorting_item` VALUES ('1361608147778969602', '旧棉絮', '2', '1361605903645954050', null, '2021-02-16 17:27:34', '2021-02-16 17:27:34');
INSERT INTO `sorting_item` VALUES ('1361608147778969603', '石锅', '2', '1361608147279847426', null, '2021-02-16 17:27:34', '2021-02-16 17:27:34');
INSERT INTO `sorting_item` VALUES ('1361608147841884161', '牛肉粒包装袋', '2', '1361608147279847426', null, '2021-02-16 17:27:34', '2021-02-16 17:27:34');
INSERT INTO `sorting_item` VALUES ('1361608147841884162', '吸管纸质包装', '2', '1361605903624982529', null, '2021-02-16 17:27:34', '2021-02-16 17:27:34');
INSERT INTO `sorting_item` VALUES ('1361608147841884163', '书本', '3', '1361605903645954050', null, '2021-02-16 17:27:34', '2021-02-16 17:27:34');
INSERT INTO `sorting_item` VALUES ('1361608147908993025', '棉袜', '2', '1361605903645954050', null, '2021-02-16 17:27:34', '2021-02-16 17:27:34');
INSERT INTO `sorting_item` VALUES ('1361608147908993026', '有机溶剂', '2', '1361608147376316418', null, '2021-02-16 17:27:34', '2021-02-16 17:27:34');
INSERT INTO `sorting_item` VALUES ('1361608147908993027', '电池', '2', '1361608147376316418', null, '2021-02-16 17:27:34', '2021-02-16 17:27:34');
INSERT INTO `sorting_item` VALUES ('1361608147908993028', '感冒药', '6', '1361608147376316418', null, '2021-02-16 17:27:34', '2021-02-16 17:27:34');
INSERT INTO `sorting_item` VALUES ('1361608147971907585', '菜渣', '2', '1361605903624982529', null, '2021-02-16 17:27:34', '2021-02-16 17:27:34');
INSERT INTO `sorting_item` VALUES ('1361608147971907586', '黄桃', '2', '1361605903624982529', null, '2021-02-16 17:27:34', '2021-02-16 17:27:34');
INSERT INTO `sorting_item` VALUES ('1361608147971907587', '大白菜', '2', '1361605903624982529', null, '2021-02-16 17:27:34', '2021-02-16 17:27:34');
INSERT INTO `sorting_item` VALUES ('1361608148039016449', '除氧剂', '2', '1361608147279847426', null, '2021-02-16 17:27:34', '2021-02-16 17:27:34');
INSERT INTO `sorting_item` VALUES ('1361608148039016450', '面纸', '2', '1361608147279847426', null, '2021-02-16 17:27:34', '2021-02-16 17:27:34');
INSERT INTO `sorting_item` VALUES ('1361608148039016451', '购物小票', '2', '1361608147279847426', null, '2021-02-16 17:27:34', '2021-02-16 17:27:34');
INSERT INTO `sorting_item` VALUES ('1361608148039016452', '奶粉勺子', '2', '1361608147279847426', null, '2021-02-16 17:27:34', '2021-02-16 17:27:34');
INSERT INTO `sorting_item` VALUES ('1372861254982705153', '塑料', '4', '1361605903645954050', null, '2021-03-19 18:43:24', '2021-03-19 18:43:24');
INSERT INTO `sorting_item` VALUES ('1392020592083128322', '运动鞋', '22', '1361605903645954050', null, '2021-05-11 15:35:46', '2021-05-11 15:35:46');
INSERT INTO `sorting_item` VALUES ('1392020592137654274', '皮鞋', '22', '1361605903645954050', null, '2021-05-11 15:35:46', '2021-05-11 15:35:46');
INSERT INTO `sorting_item` VALUES ('1392020592137654275', '鞋', '21', '1361605903645954050', null, '2021-05-11 15:35:46', '2021-05-11 15:35:46');
INSERT INTO `sorting_item` VALUES ('1392020592137654276', '鞋子', '21', '1361605903645954050', null, '2021-05-11 15:35:46', '2021-05-11 15:35:46');
INSERT INTO `sorting_item` VALUES ('1398804729385218050', '菜帮菜叶', '3', '1361605903624982529', null, '2021-05-30 08:53:30', '2021-05-30 08:53:30');
INSERT INTO `sorting_item` VALUES ('1398804729385218051', '鱼骨', '1', '1361605903624982529', null, '2021-05-30 08:53:30', '2021-05-30 08:53:30');
INSERT INTO `sorting_item` VALUES ('1398804729385218052', '饮料瓶', '0', '1361605903645954050', null, '2021-05-30 08:53:30', '2021-05-30 08:53:30');
INSERT INTO `sorting_item` VALUES ('1398804729448132610', '陶瓷器皿', '0', '1361608147279847426', null, '2021-05-30 08:53:30', '2021-05-30 08:53:30');
INSERT INTO `sorting_item` VALUES ('1398804729448132611', '金属食品罐', '0', '1361605903645954050', null, '2021-05-30 08:53:30', '2021-05-30 08:53:30');
INSERT INTO `sorting_item` VALUES ('1398804729448132612', '金属器皿', '0', '1361605903645954050', null, '2021-05-30 08:53:30', '2021-05-30 08:53:30');
INSERT INTO `sorting_item` VALUES ('1398804729515241473', '金属厨具', '0', '1361605903645954050', null, '2021-05-30 08:53:30', '2021-05-30 08:53:30');
INSERT INTO `sorting_item` VALUES ('1398804729515241474', '锅', '0', '1361605903645954050', null, '2021-05-30 08:53:30', '2021-05-30 08:53:30');
INSERT INTO `sorting_item` VALUES ('1398804729515241475', '食用油桶', '0', '1361605903645954050', null, '2021-05-30 08:53:30', '2021-05-30 08:53:30');
INSERT INTO `sorting_item` VALUES ('1398804729582350337', '过期药物', '0', '1361608147376316418', null, '2021-05-30 08:53:30', '2021-05-30 08:53:30');
INSERT INTO `sorting_item` VALUES ('1398804729582350338', '酒瓶', '0', '1361605903645954050', null, '2021-05-30 08:53:30', '2021-05-30 08:53:30');
INSERT INTO `sorting_item` VALUES ('1398804729582350339', '蛋壳', '0', '1361605903624982529', null, '2021-05-30 08:53:30', '2021-05-30 08:53:30');
INSERT INTO `sorting_item` VALUES ('1398804729649459202', '纸盒纸箱', '0', '1361605903645954050', null, '2021-05-30 08:53:30', '2021-05-30 08:53:30');
INSERT INTO `sorting_item` VALUES ('1398804729649459203', '充电宝', '0', '1361608147376316418', null, '2021-05-30 08:53:30', '2021-05-30 08:53:30');
INSERT INTO `sorting_item` VALUES ('1398804729649459204', '书籍纸张', '0', '1361605903645954050', null, '2021-05-30 08:53:30', '2021-05-30 08:53:30');
INSERT INTO `sorting_item` VALUES ('1398804729716568066', '剩饭剩菜', '0', '1361605903624982529', null, '2021-05-30 08:53:30', '2021-05-30 08:53:30');
INSERT INTO `sorting_item` VALUES ('1398804729716568067', '包', '0', '1361605903645954050', null, '2021-05-30 08:53:30', '2021-05-30 08:53:30');
INSERT INTO `sorting_item` VALUES ('1398804729716568068', '垃圾桶', '0', '1361605903645954050', null, '2021-05-30 08:53:30', '2021-05-30 08:53:30');
INSERT INTO `sorting_item` VALUES ('1398804729783676930', '塑料器皿', '0', '1361605903645954050', null, '2021-05-30 08:53:30', '2021-05-30 08:53:30');
INSERT INTO `sorting_item` VALUES ('1398804729796259842', '塑料玩具', '0', '1361605903645954050', null, '2021-05-30 08:53:30', '2021-05-30 08:53:30');
INSERT INTO `sorting_item` VALUES ('1398804729796259843', '塑料衣架', '0', '1361605903645954050', null, '2021-05-30 08:53:30', '2021-05-30 08:53:30');
INSERT INTO `sorting_item` VALUES ('1398804729796259844', '大骨头', '0', '1361605903624982529', null, '2021-05-30 08:53:30', '2021-05-30 08:53:30');
INSERT INTO `sorting_item` VALUES ('1398804729863368705', '干电池', '0', '1361608147376316418', null, '2021-05-30 08:53:30', '2021-05-30 08:53:30');
INSERT INTO `sorting_item` VALUES ('1398804729863368706', '插头电线', '0', '1361605903645954050', null, '2021-05-30 08:53:30', '2021-05-30 08:53:30');
INSERT INTO `sorting_item` VALUES ('1398804729863368707', '易拉罐', '0', '1361605903645954050', null, '2021-05-30 08:53:30', '2021-05-30 08:53:30');
INSERT INTO `sorting_item` VALUES ('1398804729926283265', '快递纸袋', '0', '1361605903645954050', null, '2021-05-30 08:53:30', '2021-05-30 08:53:30');
INSERT INTO `sorting_item` VALUES ('1398804729926283266', '污损用纸', '0', '1361605903645954050', null, '2021-05-30 08:53:30', '2021-05-30 08:53:30');
INSERT INTO `sorting_item` VALUES ('1398804729926283267', '玻璃器皿', '0', '1361605903645954050', null, '2021-05-30 08:53:30', '2021-05-30 08:53:30');
INSERT INTO `sorting_item` VALUES ('1398804729926283268', '砧板', '0', '1361605903645954050', null, '2021-05-30 08:53:30', '2021-05-30 08:53:30');
INSERT INTO `sorting_item` VALUES ('1398804729989197825', '筷子', '0', '1361605903645954050', null, '2021-05-30 08:53:30', '2021-05-30 08:53:30');
INSERT INTO `sorting_item` VALUES ('1398804729989197826', '花盆', '0', '1361608147279847426', null, '2021-05-30 08:53:30', '2021-05-30 08:53:30');
INSERT INTO `sorting_item` VALUES ('1398804729989197827', '茶叶渣', '0', '1361605903624982529', null, '2021-05-30 08:53:30', '2021-05-30 08:53:30');
INSERT INTO `sorting_item` VALUES ('1398804730047918082', '软膏', '0', '1361608147376316418', null, '2021-05-30 08:53:30', '2021-05-30 08:53:30');
INSERT INTO `sorting_item` VALUES ('1398804730047918083', '一次性快餐盒', '0', '1361605903645954050', null, '2021-05-30 08:53:30', '2021-05-30 08:53:30');

-- ----------------------------
-- Table structure for `sorting_order`
-- ----------------------------
DROP TABLE IF EXISTS `sorting_order`;
CREATE TABLE `sorting_order` (
  `id` char(19) NOT NULL,
  `type` int(1) NOT NULL DEFAULT '1' COMMENT '订单类型：1网络订单,2实体订单',
  `company_id` int(11) NOT NULL DEFAULT '1' COMMENT '公司ID',
  `user_id` char(19) NOT NULL COMMENT '用户id',
  `address_id` char(19) NOT NULL,
  `status` int(1) NOT NULL DEFAULT '1' COMMENT '状态:1等待上门2正在上门3订单结束',
  `anticipation_time` date NOT NULL,
  `evaluate_weight` decimal(10,0) NOT NULL,
  `item_detail` text NOT NULL,
  `fact_weight` decimal(10,0) DEFAULT NULL,
  `gmt_create` timestamp NOT NULL DEFAULT CURRENT_TIMESTAMP,
  `gmt_modified` timestamp NOT NULL DEFAULT CURRENT_TIMESTAMP ON UPDATE CURRENT_TIMESTAMP,
  PRIMARY KEY (`id`)
) ENGINE=MyISAM DEFAULT CHARSET=utf8mb4;

-- ----------------------------
-- Records of sorting_order
-- ----------------------------
INSERT INTO `sorting_order` VALUES ('1380506991547731970', '1', '1', '1365683310172196865', '1378517892838260737', '3', '2021-04-09', '1', '纸板箱若干', '3', '2021-04-09 21:04:50', '2021-04-15 15:56:30');
INSERT INTO `sorting_order` VALUES ('1380848279925100545', '1', '1', '1365683310172196865', '1378518059779948546', '1', '2021-04-10', '5', '废旧书籍10本，废旧衣物5件，旧电脑一台，纸板箱若干', null, '2021-04-10 19:40:59', '2021-04-27 10:28:47');
INSERT INTO `sorting_order` VALUES ('1380853669962215425', '1', '1', '1365683310172196865', '1378518059779948546', '1', '2021-04-10', '1', '废旧电冰箱', null, '2021-04-10 20:02:24', '2021-04-27 10:28:48');
INSERT INTO `sorting_order` VALUES ('1386955471287783425', '1', '2', '1365683310172196865', '1378517892838260737', '1', '2021-04-27', '5', '废旧报纸等', null, '2021-04-27 16:08:47', '2021-04-27 16:08:47');
INSERT INTO `sorting_order` VALUES ('1392023751442587649', '1', '1', '1365683310172196865', '1378517892838260737', '2', '2021-05-11', '5', '书', null, '2021-05-11 15:48:19', '2021-05-11 15:48:19');
INSERT INTO `sorting_order` VALUES ('1392042522437791746', '1', '2', '1365683310172196865', '1378517892838260737', '1', '2021-05-11', '5', '本子', null, '2021-05-11 17:02:54', '2021-05-11 17:02:54');
INSERT INTO `sorting_order` VALUES ('1398184594010058753', '1', '2', '1365683310172196865', '1378517892838260737', '1', '2021-05-28', '5', '书籍', null, '2021-05-28 15:49:18', '2021-05-28 15:49:18');
INSERT INTO `sorting_order` VALUES ('1398875702155296769', '1', '1', '1365683310172196865', '1378518059779948546', '2', '2021-05-30', '5', '书本', null, '2021-05-30 13:35:31', '2021-05-30 13:35:31');

-- ----------------------------
-- Table structure for `sorting_position`
-- ----------------------------
DROP TABLE IF EXISTS `sorting_position`;
CREATE TABLE `sorting_position` (
  `id` int(11) NOT NULL AUTO_INCREMENT,
  `name` varchar(20) NOT NULL,
  `latitude` char(10) NOT NULL,
  `longitude` char(10) NOT NULL,
  `address` varchar(255) NOT NULL COMMENT '地址',
  `join_cluster` tinyint(2) NOT NULL DEFAULT '1',
  `width` tinyint(3) NOT NULL DEFAULT '22',
  `height` tinyint(3) NOT NULL DEFAULT '32',
  `icon_path` varchar(50) NOT NULL DEFAULT '../../images/marker.png',
  `gmt_create` timestamp NOT NULL DEFAULT CURRENT_TIMESTAMP,
  `gmt_modified` timestamp NOT NULL DEFAULT CURRENT_TIMESTAMP ON UPDATE CURRENT_TIMESTAMP,
  PRIMARY KEY (`id`)
) ENGINE=MyISAM AUTO_INCREMENT=9 DEFAULT CHARSET=utf8mb4;

-- ----------------------------
-- Records of sorting_position
-- ----------------------------
INSERT INTO `sorting_position` VALUES ('0', '放心服务中心', '32.313410', '121.37244', '小街道11号附近', '1', '22', '32', '../../images/marker.png', '2021-03-13 15:49:41', '2022-08-04 20:13:45');
INSERT INTO `sorting_position` VALUES ('1', '怪兽回收', '32.316566', '121.38311', '小街道38号附近', '1', '22', '32', '../../images/marker.png', '2021-03-13 15:50:45', '2022-08-04 20:13:47');
INSERT INTO `sorting_position` VALUES ('2', '垃圾回收服务点', '32.31551', '121.375122', '小街道616号生活区', '1', '22', '32', '../../images/marker.png', '2021-03-13 15:51:01', '2022-08-04 20:14:00');
INSERT INTO `sorting_position` VALUES ('3', '一言生活垃圾服务中心', '32.32002', '121.373212', '小街道666号附近', '1', '22', '32', '../../images/marker.png', '2021-04-03 13:40:13', '2022-08-04 20:13:51');
INSERT INTO `sorting_position` VALUES ('4', '东区服务站', '32.30922', '121.369122', '小街道46号附近', '1', '22', '32', '../../images/marker.png', '2021-04-03 13:41:48', '2022-08-04 20:13:54');

-- ----------------------------
-- Table structure for `sorting_question`
-- ----------------------------
DROP TABLE IF EXISTS `sorting_question`;
CREATE TABLE `sorting_question` (
  `id` char(19) NOT NULL COMMENT '编号',
  `answer` char(1) NOT NULL COMMENT '正确选项',
  `stem` varchar(255) NOT NULL COMMENT '题干',
  `contentA` varchar(50) NOT NULL COMMENT '选项A',
  `contentB` varchar(50) NOT NULL COMMENT '选项B',
  `contentC` varchar(50) DEFAULT NULL COMMENT '选项C',
  `contentD` varchar(50) DEFAULT NULL COMMENT '选项D',
  `img` varchar(255) DEFAULT NULL COMMENT '图片',
  `gmt_create` timestamp NOT NULL DEFAULT CURRENT_TIMESTAMP,
  `gmt_modified` timestamp NOT NULL DEFAULT CURRENT_TIMESTAMP ON UPDATE CURRENT_TIMESTAMP,
  PRIMARY KEY (`id`)
) ENGINE=MyISAM DEFAULT CHARSET=utf8mb4;

-- ----------------------------
-- Records of sorting_question
-- ----------------------------
INSERT INTO `sorting_question` VALUES ('1367767543055671297', 'C', '垃圾可以分为几类？', '两类', '三类', '四类', '五类', '', '2021-03-05 17:22:48', '2021-03-05 17:22:48');
INSERT INTO `sorting_question` VALUES ('1367767769858465794', 'A', '下列哪个不属于湿垃圾?', '整包过期零食', '剩菜剩饭', '鱼刺', '鸡骨头', '', '2021-03-05 17:23:42', '2021-03-05 17:23:42');
INSERT INTO `sorting_question` VALUES ('1378267394310795265', 'B', '下列哪个不属于可回收垃圾?', '废铁丝、废铁', '用过的餐巾纸、茶叶渣', '玻璃瓶、废塑料', '旧衣服、废报纸', null, '2021-04-03 16:45:28', '2021-04-03 16:45:28');
INSERT INTO `sorting_question` VALUES ('1378267592936255489', 'A', '下列哪个不是有害垃圾?', '碎玻璃片', '过期药品', '废水银温度计', '油漆桶', null, '2021-04-03 16:46:15', '2021-04-03 16:46:15');
INSERT INTO `sorting_question` VALUES ('1378267793763725314', 'C', '有害垃圾桶是什么颜色?', '蓝色', '棕色', '红色', '黑色', null, '2021-04-03 16:47:03', '2021-04-03 16:47:03');
INSERT INTO `sorting_question` VALUES ('1378267874541826050', 'B', '湿垃圾桶是什么颜色？', '蓝色', '棕色', '红色', '黑色', null, '2021-04-03 16:47:22', '2021-04-03 16:47:22');
INSERT INTO `sorting_question` VALUES ('1378268038581055489', 'A', '哪种垃圾可以作为肥料滋养土壤、庄稼?', '湿垃圾', '可回收垃圾', '有害垃圾', '干垃圾', null, '2021-04-03 16:48:02', '2021-04-03 16:48:02');
INSERT INTO `sorting_question` VALUES ('1378268128225914882', 'D', '大块的骨头应归类到哪种垃圾？', '湿垃圾', '可回收垃圾', '有害垃圾', '干垃圾', null, '2021-04-03 16:48:23', '2021-04-03 16:48:23');
INSERT INTO `sorting_question` VALUES ('1378268199726215169', 'B', '哪种垃圾可以再造成新瓶子、再生纸和塑料玩具?', '湿垃圾', '可回收垃圾', '有害垃圾', '干垃圾', null, '2021-04-03 16:48:40', '2021-04-03 16:48:40');
INSERT INTO `sorting_question` VALUES ('1378268365124399106', 'B', '过期药品属于____，需要特殊安全处理', '干垃圾', '有害垃圾', '可回收垃圾', '湿垃圾', null, '2021-04-03 16:49:19', '2021-04-03 16:49:19');
INSERT INTO `sorting_question` VALUES ('1378268502978588674', 'A', '下面应放入蓝色垃圾桶的是?', '玻璃瓶', '鱼骨', '电池', '尿布', null, '2021-04-03 16:49:52', '2021-04-03 16:49:52');
INSERT INTO `sorting_question` VALUES ('1378268649028448258', 'C', '根据“___”的原则，产生生活垃圾的单位和个人是分类投放的第一责任人', '谁产生、水丢弃', '谁丢弃、谁分类', '谁产生、谁负责', '谁负责、谁分类', null, '2021-04-03 16:50:27', '2021-04-03 16:50:27');

-- ----------------------------
-- Table structure for `user`
-- ----------------------------
DROP TABLE IF EXISTS `user`;
CREATE TABLE `user` (
  `id` char(19) NOT NULL,
  `openid` varchar(128) DEFAULT NULL COMMENT '微信openid',
  `mobile` varchar(11) DEFAULT NULL COMMENT '手机号',
  `password` varchar(255) NOT NULL COMMENT '密码',
  `nickname` varchar(50) DEFAULT NULL COMMENT '昵称',
  `sex` tinyint(2) DEFAULT NULL COMMENT '性别 1 女，2 男',
  `age` tinyint(3) DEFAULT NULL COMMENT '年龄',
  `avatar` varchar(255) DEFAULT NULL COMMENT '用户头像',
  `sign` varchar(100) DEFAULT NULL COMMENT '用户签名',
  `is_disabled` tinyint(1) NOT NULL DEFAULT '0' COMMENT '是否禁用 1（true）已禁用，  0（false）未禁用',
  `is_deleted` tinyint(1) NOT NULL DEFAULT '0' COMMENT '逻辑删除 1（true）已删除， 0（false）未删除',
  `gmt_create` timestamp NOT NULL DEFAULT CURRENT_TIMESTAMP,
  `gmt_modified` timestamp NOT NULL DEFAULT CURRENT_TIMESTAMP ON UPDATE CURRENT_TIMESTAMP,
  PRIMARY KEY (`id`)
) ENGINE=MyISAM DEFAULT CHARSET=utf8mb4;

-- ----------------------------
-- Records of user
-- ----------------------------
INSERT INTO `user` VALUES ('1365683310172196865', 'oqeEa6E2EiVfULW1v5qFXhk-Add4', null, '7d9526b6d956f88596e7123232eba20f', '小林', null, null, '../../images/head.jpg', null, '0', '0', '2021-02-27 23:20:48', '2022-08-04 20:11:18');

-- ----------------------------
-- Table structure for `user_address`
-- ----------------------------
DROP TABLE IF EXISTS `user_address`;
CREATE TABLE `user_address` (
  `id` char(19) NOT NULL,
  `user_id` char(19) NOT NULL,
  `name` varchar(50) NOT NULL,
  `tel` char(11) NOT NULL,
  `province` varchar(15) NOT NULL,
  `city` varchar(15) NOT NULL,
  `district` varchar(15) NOT NULL,
  `address` varchar(100) NOT NULL,
  `is_deleted` tinyint(1) NOT NULL DEFAULT '0' COMMENT '逻辑删除 1（true）已删除， 0（false）未删除',
  `is_default` tinyint(1) NOT NULL DEFAULT '0' COMMENT '0不默认,1默认',
  `gmt_create` timestamp NOT NULL DEFAULT CURRENT_TIMESTAMP,
  `gmt_modified` timestamp NOT NULL DEFAULT CURRENT_TIMESTAMP ON UPDATE CURRENT_TIMESTAMP,
  PRIMARY KEY (`id`)
) ENGINE=MyISAM DEFAULT CHARSET=utf8mb4;

-- ----------------------------
-- Records of user_address
-- ----------------------------
INSERT INTO `user_address` VALUES ('1378517892838260737', '1365683310172196865', '林大哥', '13612345678', '浙江省', '杭州市', '江干区', '小街道', '0', '1', '2021-04-04 09:20:52', '2022-08-04 20:15:32');
INSERT INTO `user_address` VALUES ('1378518059779948546', '1365683310172196865', '林二哥', '13812345678', '浙江省', '杭州市', '西湖区', '解放路', '0', '0', '2021-04-04 09:21:31', '2022-08-04 20:15:35');
INSERT INTO `user_address` VALUES ('1379041914466336770', '1365683310172196865', '林三哥', '18712345678', '北京市', '北京市市辖区', '朝阳区', '大街道', '1', '0', '2021-04-05 20:03:08', '2022-08-04 20:15:44');
INSERT INTO `user_address` VALUES ('1379261014966874114', '1365683310172196865', '小林', '13912345678', '北京市', '北京市市辖区', '东城区', '大大街道', '1', '0', '2021-04-06 10:33:46', '2022-08-04 20:15:50');
